{"metadata":{"asset_id":"2c38f4f4-f411-4dda-8cad-6b654d305fe3","asset_attributes":["data_asset","location_definition"],"name":"predictive_maintenance (1).csv","asset_type":"data_asset","created_at":"2025-08-01T13:57:36Z","origin_country":"us","owner_id":"IBMid-6920010MF9","project_id":"9908d002-4917-48da-82ba-303206500127","size":531014,"usage":{"last_update_time":1754056658327,"last_updated_at":"2025-08-01T13:57:38Z"}},"entity":{"data_asset":{"dataset":false,"mime_type":"text/csv"},"location_definition":{"physical_location_code":"LON","physical_location_code_assigned_by":"IBMid-6920010MF9","physical_location_code_rds_id":"c57cb90f-2126-3800-9c9f-9eab82021cdf","physical_location_code_rds_version":"00002025-0724-4142-8215-350134000000_5","physical_location_code_assignment_method":"INFERRED","physical_location_code_added_on":"1754056658324"}},"attachments":[{"id":"c54acd7c-dc5b-43ed-9344-fc6a99a3a2f5","version":2,"asset_type":"data_asset","name":"predictive_maintenance (1).csv","mime":"text/csv","datasource_type":"193a97c1-4475-4a19-b90c-295c4fdc6517","object_key":"predictive_maintenance (1).csv","creator_id":"IBMid-6920010MF9","create_time":1754056658325,"size":531014,"is_remote":false,"is_managed":false,"is_referenced":true,"is_object_key_read_only":true,"is_user_provided_path_key":true,"transfer_complete":true,"is_partitioned":false,"complete_time_ticks":1754056658325,"user_data":{},"test_doc":0,"handle":{"bucket":"predictivemaintananceindustrialma-donotdelete-pr-j2mfnqylz3wqsk","location":"eu-gb","type":"bluemix_cos","key":"predictive_maintenance (1).csv","upload_id":"done","max_part_num":1},"usage":{"access_count":0,"last_accessor_id":"IBMid-6920010MF9","last_access_time":1754056658325}}]}
