{"metadata":{"asset_id":"b44e5ccf-89ce-40b4-96b8-aa0a2d155560","asset_attributes":["environment"],"name":"autoai-runtime-24.1-py3.11-S","asset_type":"environment","created_at":"2025-08-03T13:28:16Z","origin_country":"us","owner_id":"IBMid-6920010MF9","project_id":"9908d002-4917-48da-82ba-303206500127","sandbox_id":"9908d002-4917-48da-82ba-303206500127","size":0,"tags":["dsx"],"usage":{"last_update_time":1754227696370,"last_updated_at":"2025-08-03T13:28:16Z"}},"entity":{"environment":{"sub_type":"notebook","display_name":"Runtime 24.1 on Python 3.11 AutoAI-S","hardware_specification":{"type":"referenced","guid":"e7ed1d6c-2e89-42d7-aed5-863b972c1d2b"},"software_specification":{"type":"referenced","guid":"45f12dfe-aa78-5b8d-9f38-0ee223c47309"},"tools_specification":{"supported_kernels":[{"name":"python3","display_name":"Python 3.11","language":"python","version":"3.11"}],"notebook_extensions":[]}}}}
