{"metadata":{"asset_id":"481a88c2-88f5-4dff-b634-18a0162c6525","asset_attributes":["notebook","location_definition"],"name":"Industrial_Machinery","asset_type":"notebook","created_at":"2025-08-03T13:28:17Z","description":"","origin_country":"us","owner_id":"IBMid-6920010MF9","project_id":"9908d002-4917-48da-82ba-303206500127","size":36994,"tags":["notebook"],"usage":{"last_update_time":1754227698352,"last_updated_at":"2025-08-03T13:28:18Z"}},"entity":{"notebook":{"kernel":{"display_name":"Python 3.11","name":"python3","language":"python"},"originates_from":{"type":"file"},"runtime":{"environment":"b44e5ccf-89ce-40b4-96b8-aa0a2d155560"}},"location_definition":{"physical_location_code":"LON","physical_location_code_assigned_by":"IBMid-6920010MF9","physical_location_code_rds_id":"c57cb90f-2126-3800-9c9f-9eab82021cdf","physical_location_code_rds_version":"00002025-0724-4142-8215-350134000000_5","physical_location_code_assignment_method":"INFERRED","physical_location_code_added_on":"1754227698351"}},"attachments":[{"id":"803f82ab-7701-4877-953c-b55bb44ff00f","version":2,"asset_type":"notebook","name":"attachment for notebook 481a88c2-88f5-4dff-b634-18a0162c6525","description":"attachment for notebook 481a88c2-88f5-4dff-b634-18a0162c6525","mime":"application/json","datasource_type":"193a97c1-4475-4a19-b90c-295c4fdc6517","object_key":"notebook/autoai_notebook_55aeccfd-7554-4d28-afde-c478ae7a3225_experiment_1754227696736.ipynb","creator_id":"IBMid-6920010MF9","create_time":1754227698352,"size":36994,"is_remote":false,"is_managed":false,"is_referenced":true,"is_object_key_read_only":false,"is_user_provided_path_key":true,"transfer_complete":true,"is_partitioned":false,"complete_time_ticks":1754227698352,"user_data":{},"test_doc":0,"handle":{"bucket":"predictivemaintananceindustrialma-donotdelete-pr-j2mfnqylz3wqsk","location":"eu-gb","type":"bluemix_cos","key":"notebook/autoai_notebook_55aeccfd-7554-4d28-afde-c478ae7a3225_experiment_1754227696736.ipynb","upload_id":"done","max_part_num":1},"usage":{"access_count":0,"last_accessor_id":"IBMid-6920010MF9","last_access_time":1754227698352}}]}
