{"metadata":{"asset_id":"9202973d-60d5-4768-b602-0fbcf51d9978","asset_attributes":["wml_model","location_definition"],"name":" P4 - Snap Random Forest Classifier: Industrial_Machinery","asset_type":"wml_model","created_at":"2025-08-01T14:07:41Z","origin_country":"us","owner_id":"IBMid-6920010MF9","project_id":"9908d002-4917-48da-82ba-303206500127","resource_key":"dd246c9f-796d-452a-9279-c8d435689ecb","sandbox_id":"9908d002-4917-48da-82ba-303206500127","size":27297,"usage":{"last_update_time":1754057263912,"last_updated_at":"2025-08-01T14:07:43Z"}},"entity":{"wml_model":{"content_import_state":"completed","content_location":{"contents":[{"content_format":"pipeline-node","file_name":"P4_automl.zip","location":"auto_ml/55aeccfd-7554-4d28-afde-c478ae7a3225/wml_data/39e12b28-519a-4169-8005-579ab7636e38/assets/39e12b28-519a-4169-8005-579ab7636e38_P4_hpo_c_output/resources/wml_model/P4_automl.zip","pipeline_node_id":"automl"},{"content_format":"native","file_name":"pipeline_model.json","location":"auto_ml/55aeccfd-7554-4d28-afde-c478ae7a3225/wml_data/39e12b28-519a-4169-8005-579ab7636e38/assets/39e12b28-519a-4169-8005-579ab7636e38_P4_hpo_c_output/resources/wml_model/pipeline_model.json"}],"location":{"assets_path":"auto_ml/55aeccfd-7554-4d28-afde-c478ae7a3225/wml_data/39e12b28-519a-4169-8005-579ab7636e38/assets","notebooks_path":"auto_ml/55aeccfd-7554-4d28-afde-c478ae7a3225/wml_data/39e12b28-519a-4169-8005-579ab7636e38/notebooks","path":"auto_ml/55aeccfd-7554-4d28-afde-c478ae7a3225/wml_data","training":"auto_ml/55aeccfd-7554-4d28-afde-c478ae7a3225/wml_data/39e12b28-519a-4169-8005-579ab7636e38","training_log":"auto_ml/55aeccfd-7554-4d28-afde-c478ae7a3225/wml_data/39e12b28-519a-4169-8005-579ab7636e38/data/automl/training.log","training_status":"auto_ml/55aeccfd-7554-4d28-afde-c478ae7a3225/wml_data/39e12b28-519a-4169-8005-579ab7636e38/training-status.json"},"type":"container"},"data_preprocessing":[{"input":{"columns":10,"rows":10000},"output":{"columns":10,"rows":10000},"props":{"type":"stratified"},"stage":"sampling"},{"input":{"columns":10,"rows":10000},"output":{"columns":10,"rows":10000},"props":{"duplicated_rows_count":0},"stage":"cleansing"}],"hybrid_pipeline_software_specs":[{"name":"autoai-kb_rt24.1-py3.11"}],"label_column":"Failure Type","metrics":[{"context":{"classes":["Heat Dissipation Failure","No Failure","Overstrain Failure","Power Failure","Random Failures","Tool Wear Failure"],"features_importance":[{"computation_type":"","features":{"NewFeature_2_pca_2":0.2123,"NewFeature_6_pca_6":0.3104,"New_Feature_0_NSFA":0.0878,"New_Feature_1_NSFA":0.1006,"Target":0.2889},"stage":"Mean"}],"incremental_training":{},"intermediate_model":{"composition_steps":["Split_TrainingHoldout","TrainingDataset_full_9000_7","Column Selection","Datetime_FE","TrainingDataset_full_9000_7","Preprocessor_default","DAUB","hpo_d","cognito","hpo_c"],"duration":57241,"location":{"model":"auto_ml/55aeccfd-7554-4d28-afde-c478ae7a3225/wml_data/39e12b28-519a-4169-8005-579ab7636e38/data/automl/hpo_c_output/Pipeline1/model.pickle","pipeline":"auto_ml/55aeccfd-7554-4d28-afde-c478ae7a3225/wml_data/39e12b28-519a-4169-8005-579ab7636e38/data/automl/hpo_c_output/Pipeline1/pipeline.json","pipeline_model":"auto_ml/55aeccfd-7554-4d28-afde-c478ae7a3225/wml_data/39e12b28-519a-4169-8005-579ab7636e38/data/automl/hpo_c_output/Pipeline1/pipeline-model.json"},"name":"P4","notebook_location":"auto_ml/55aeccfd-7554-4d28-afde-c478ae7a3225/wml_data/39e12b28-519a-4169-8005-579ab7636e38/data/automl/hpo_c_output/Pipeline1/notebook.ipynb","pipeline_nodes":["ColumnSelector","PreprocessingTransformer","autoai_libs.cognito.transforms.transform_utils.TAM","autoai_libs.cognito.transforms.transform_utils.FS1","autoai_libs.cognito.transforms.transform_utils.NSFA","SnapRandomForestClassifier"],"process":"hpo_c_output","schema_location":"auto_ml/55aeccfd-7554-4d28-afde-c478ae7a3225/wml_data/39e12b28-519a-4169-8005-579ab7636e38/data/automl/hpo_c_output/Pipeline1/schema.json"},"multi_class_classification":{"one_vs_all_location":"auto_ml/55aeccfd-7554-4d28-afde-c478ae7a3225/wml_data/39e12b28-519a-4169-8005-579ab7636e38/data/automl/hpo_c_output/Pipeline1/one_vs_all.json"},"phase":"hpo_c_output","prediction_type":"classification","target_column":"Failure Type"},"ml_metrics":{"holdout_accuracy":0.997,"holdout_f1_macro":0.8154203710469695,"holdout_f1_micro":0.997,"holdout_f1_weighted":0.9960066374375837,"holdout_neg_log_loss":-0.025127921052188015,"holdout_precision_macro":0.8144701060936841,"holdout_precision_micro":0.997,"holdout_precision_weighted":0.9951152476157648,"holdout_recall_macro":0.8181818181818182,"holdout_recall_micro":0.997,"holdout_recall_weighted":0.997,"training_accuracy":0.9951111111111111,"training_f1_macro":0.7737019679696858,"training_f1_micro":0.9951111111111111,"training_f1_weighted":0.9942391604203057,"training_neg_log_loss":-0.09374671977185382,"training_precision_macro":0.7843450772165835,"training_precision_micro":0.9951111111111111,"training_precision_weighted":0.9935838238748124,"training_recall_macro":0.7681318011641861,"training_recall_micro":0.9951111111111111,"training_recall_weighted":0.9951111111111111},"timestamp":"2025-08-01T14:02:11Z"}],"pipeline":{"id":"8245979a-e74c-4e45-a90f-58f36fd153dc"},"schemas":{"input":[{"fields":[{"name":"UDI","nullable":false,"type":"double"},{"name":"Product ID","nullable":false,"type":"other"},{"name":"Type","nullable":false,"type":"other"},{"name":"Air temperature [K]","nullable":false,"type":"double"},{"name":"Process temperature [K]","nullable":false,"type":"double"},{"name":"Rotational speed [rpm]","nullable":false,"type":"double"},{"name":"Torque [Nm]","nullable":false,"type":"double"},{"name":"Tool wear [min]","nullable":false,"type":"double"},{"name":"Target","nullable":false,"type":"double"}],"id":"auto_ai_kb_input_schema"}],"output":[]},"software_spec":{"id":"8c1a58c6-62b5-4dc4-987a-df751c2756b6","name":"hybrid_0.1"},"training_data_references":[{"connection":{},"id":"predictive_maintenance (1).csv","location":{"href":"/v2/assets/2c38f4f4-f411-4dda-8cad-6b654d305fe3?project_id=9908d002-4917-48da-82ba-303206500127","id":"2c38f4f4-f411-4dda-8cad-6b654d305fe3","project_id":"9908d002-4917-48da-82ba-303206500127","userfs":"false"},"schema":{"fields":[{"name":"UDI","nullable":false,"type":"double"},{"name":"Product ID","nullable":false,"type":"other"},{"name":"Type","nullable":false,"type":"other"},{"name":"Air temperature [K]","nullable":false,"type":"double"},{"name":"Process temperature [K]","nullable":false,"type":"double"},{"name":"Rotational speed [rpm]","nullable":false,"type":"double"},{"name":"Torque [Nm]","nullable":false,"type":"double"},{"name":"Tool wear [min]","nullable":false,"type":"double"},{"name":"Target","nullable":false,"type":"double"},{"name":"Failure Type","nullable":false,"type":"other"}],"id":"auto_ai_kb_input_schema"},"type":"data_asset"}],"training_id":"39e12b28-519a-4169-8005-579ab7636e38","type":"wml-hybrid_0.1","ml_version":"4.0.19"}},"attachments":[{"id":"b2173b48-1fa9-4d2f-a8aa-7a3fdba9e8e3","version":2,"asset_type":"wml_model","name":"P4_automl.zip","datasource_type":"193a97c1-4475-4a19-b90c-295c4fdc6517","creator_id":"IBMid-6920010MF9","create_time":1754057261987,"size":25409,"is_remote":false,"is_managed":true,"is_referenced":false,"is_object_key_read_only":false,"is_user_provided_path_key":false,"transfer_complete":true,"is_partitioned":false,"complete_time_ticks":1754057263788,"user_data":{"content_format":"pipeline-node","pipeline_node_id":"automl"},"test_doc":0,"handle":{"bucket":"predictivemaintananceindustrialma-donotdelete-pr-j2mfnqylz3wqsk","location":"eu-gb","type":"bluemix_cos","key":"3e7ecb5a-9f4b-483e-b1c4-fa3b7f3ae8c4/9202973d-60d5-4768-b602-0fbcf51d9978/b2173b48-1fa9-4d2f-a8aa-7a3fdba9e8e3","upload_id":"done","max_part_num":1},"usage":{"access_count":1,"last_accessor_id":"IBMid-6920010MF9","last_access_time":1754057263788,"last_updater_id":"IBMid-6920010MF9","last_update_time":1754057263788}},{"id":"e29034c0-18a4-4e27-b169-89e09e5da2e6","version":2,"asset_type":"wml_model","name":"pipeline_model.json","datasource_type":"193a97c1-4475-4a19-b90c-295c4fdc6517","creator_id":"IBMid-6920010MF9","create_time":1754057262045,"size":1888,"is_remote":false,"is_managed":true,"is_referenced":false,"is_object_key_read_only":false,"is_user_provided_path_key":false,"transfer_complete":true,"is_partitioned":false,"complete_time_ticks":1754057263912,"user_data":{"content_format":"native"},"test_doc":0,"handle":{"bucket":"predictivemaintananceindustrialma-donotdelete-pr-j2mfnqylz3wqsk","location":"eu-gb","type":"bluemix_cos","key":"3e7ecb5a-9f4b-483e-b1c4-fa3b7f3ae8c4/9202973d-60d5-4768-b602-0fbcf51d9978/e29034c0-18a4-4e27-b169-89e09e5da2e6","upload_id":"done","max_part_num":1},"usage":{"access_count":1,"last_accessor_id":"IBMid-6920010MF9","last_access_time":1754057263912,"last_updater_id":"IBMid-6920010MF9","last_update_time":1754057263912}}]}
