{"metadata":{"asset_id":"62aed862-3989-48df-9ca0-40cf345f8ce2","asset_attributes":["wml_model","location_definition"],"name":" P5 - Snap Random Forest Classifier: Industrial_Machinery","asset_type":"wml_model","created_at":"2025-08-02T15:24:41Z","origin_country":"us","owner_id":"IBMid-6920010MF9","project_id":"9908d002-4917-48da-82ba-303206500127","resource_key":"df21de21-3987-4bed-8d70-e23a5a7e7a99","sandbox_id":"9908d002-4917-48da-82ba-303206500127","size":48169,"usage":{"last_update_time":1754148283023,"last_updated_at":"2025-08-02T15:24:43Z"}},"entity":{"wml_model":{"content_import_state":"completed","content_location":{"contents":[{"content_format":"pipeline-node","file_name":"P5_automl.zip","location":"auto_ml/55aeccfd-7554-4d28-afde-c478ae7a3225/wml_data/35f79ee6-f35c-41c7-828b-3dc171431b5e/assets/35f79ee6-f35c-41c7-828b-3dc171431b5e_P5_batch_ensemble_output/resources/wml_model/P5_automl.zip","pipeline_node_id":"automl"},{"content_format":"native","file_name":"pipeline_model.json","location":"auto_ml/55aeccfd-7554-4d28-afde-c478ae7a3225/wml_data/35f79ee6-f35c-41c7-828b-3dc171431b5e/assets/35f79ee6-f35c-41c7-828b-3dc171431b5e_P5_batch_ensemble_output/resources/wml_model/pipeline_model.json"}],"location":{"assets_path":"auto_ml/55aeccfd-7554-4d28-afde-c478ae7a3225/wml_data/35f79ee6-f35c-41c7-828b-3dc171431b5e/assets","notebooks_path":"auto_ml/55aeccfd-7554-4d28-afde-c478ae7a3225/wml_data/35f79ee6-f35c-41c7-828b-3dc171431b5e/notebooks","path":"auto_ml/55aeccfd-7554-4d28-afde-c478ae7a3225/wml_data","training":"auto_ml/55aeccfd-7554-4d28-afde-c478ae7a3225/wml_data/35f79ee6-f35c-41c7-828b-3dc171431b5e","training_log":"auto_ml/55aeccfd-7554-4d28-afde-c478ae7a3225/wml_data/35f79ee6-f35c-41c7-828b-3dc171431b5e/data/automl/training.log","training_status":"auto_ml/55aeccfd-7554-4d28-afde-c478ae7a3225/wml_data/35f79ee6-f35c-41c7-828b-3dc171431b5e/training-status.json"},"type":"container"},"data_preprocessing":[{"input":{"columns":10,"rows":10000},"output":{"columns":10,"rows":10000},"props":{"type":"stratified"},"stage":"sampling"},{"input":{"columns":10,"rows":10000},"output":{"columns":10,"rows":10000},"props":{"duplicated_rows_count":0},"stage":"cleansing"}],"hybrid_pipeline_software_specs":[{"name":"autoai-kb_rt24.1-py3.11"}],"label_column":"Failure Type","metrics":[{"context":{"classes":["Heat Dissipation Failure","No Failure","Overstrain Failure","Power Failure","Random Failures","Tool Wear Failure"],"features_importance":[{"computation_type":"","features":{"NewFeature_2_pca_2":0.3899,"NewFeature_6_pca_6":0.088,"New_Feature_0_NSFA":0.0978,"New_Feature_1_NSFA":0.2208,"Target":0.2035},"stage":"Mean"}],"incremental_training":{},"intermediate_model":{"composition_steps":["Split_TrainingHoldout","TrainingDataset_full_9000_7","Column Selection","Datetime_FE","TrainingDataset_full_9000_7","Preprocessor_default","DAUB","hpo_d","cognito","hpo_c","Ensemble"],"duration":48947,"location":{"model":"auto_ml/55aeccfd-7554-4d28-afde-c478ae7a3225/wml_data/35f79ee6-f35c-41c7-828b-3dc171431b5e/data/automl/batch_ensemble_output/Pipeline1/model.pickle","pipeline":"auto_ml/55aeccfd-7554-4d28-afde-c478ae7a3225/wml_data/35f79ee6-f35c-41c7-828b-3dc171431b5e/data/automl/batch_ensemble_output/Pipeline1/pipeline.json","pipeline_model":"auto_ml/55aeccfd-7554-4d28-afde-c478ae7a3225/wml_data/35f79ee6-f35c-41c7-828b-3dc171431b5e/data/automl/batch_ensemble_output/Pipeline1/pipeline-model.json"},"name":"P5","notebook_location":"auto_ml/55aeccfd-7554-4d28-afde-c478ae7a3225/wml_data/35f79ee6-f35c-41c7-828b-3dc171431b5e/data/automl/batch_ensemble_output/Pipeline1/incremental_learning_notebook.ipynb","pipeline_nodes":["ColumnSelector","PreprocessingTransformer","autoai_libs.cognito.transforms.transform_utils.TAM","autoai_libs.cognito.transforms.transform_utils.FS1","autoai_libs.cognito.transforms.transform_utils.NSFA","BatchedTreeEnsembleClassifier(base_estimator=SnapRandomForestClassifier)"],"process":"batch_ensemble_output","schema_location":"auto_ml/55aeccfd-7554-4d28-afde-c478ae7a3225/wml_data/35f79ee6-f35c-41c7-828b-3dc171431b5e/data/automl/batch_ensemble_output/Pipeline1/schema.json"},"multi_class_classification":{"one_vs_all_location":"auto_ml/55aeccfd-7554-4d28-afde-c478ae7a3225/wml_data/35f79ee6-f35c-41c7-828b-3dc171431b5e/data/automl/batch_ensemble_output/Pipeline1/one_vs_all.json"},"phase":"batch_ensemble_output","prediction_type":"classification","target_column":"Failure Type"},"ml_metrics":{"holdout_accuracy":0.997,"holdout_f1_macro":0.8154203710469695,"holdout_f1_micro":0.997,"holdout_f1_weighted":0.9960066374375837,"holdout_neg_log_loss":-0.025127921052188015,"holdout_precision_macro":0.8144701060936841,"holdout_precision_micro":0.997,"holdout_precision_weighted":0.9951152476157648,"holdout_recall_macro":0.8181818181818182,"holdout_recall_micro":0.997,"holdout_recall_weighted":0.997,"training_accuracy":0.9951111111111111,"training_f1_macro":0.7737019679696858,"training_f1_micro":0.9951111111111111,"training_f1_weighted":0.9942391604203057,"training_neg_log_loss":-0.09374671977185382,"training_precision_macro":0.7843450772165835,"training_precision_micro":0.9951111111111111,"training_precision_weighted":0.9935838238748124,"training_recall_macro":0.7681318011641861,"training_recall_micro":0.9951111111111111,"training_recall_weighted":0.9951111111111111},"timestamp":"2025-08-02T13:19:11Z"}],"pipeline":{"id":"237a7b89-6020-4cc2-abcb-adef2aeedf45"},"schemas":{"input":[{"fields":[{"name":"UDI","nullable":false,"type":"double"},{"name":"Product ID","nullable":false,"type":"other"},{"name":"Type","nullable":false,"type":"other"},{"name":"Air temperature [K]","nullable":false,"type":"double"},{"name":"Process temperature [K]","nullable":false,"type":"double"},{"name":"Rotational speed [rpm]","nullable":false,"type":"double"},{"name":"Torque [Nm]","nullable":false,"type":"double"},{"name":"Tool wear [min]","nullable":false,"type":"double"},{"name":"Target","nullable":false,"type":"double"}],"id":"auto_ai_kb_input_schema"}],"output":[]},"software_spec":{"id":"8c1a58c6-62b5-4dc4-987a-df751c2756b6","name":"hybrid_0.1"},"training_data_references":[{"connection":{},"id":"predictive_maintenance (1).csv","location":{"href":"/v2/assets/2c38f4f4-f411-4dda-8cad-6b654d305fe3?project_id=9908d002-4917-48da-82ba-303206500127","id":"2c38f4f4-f411-4dda-8cad-6b654d305fe3","project_id":"9908d002-4917-48da-82ba-303206500127","userfs":"false"},"schema":{"fields":[{"name":"UDI","nullable":false,"type":"double"},{"name":"Product ID","nullable":false,"type":"other"},{"name":"Type","nullable":false,"type":"other"},{"name":"Air temperature [K]","nullable":false,"type":"double"},{"name":"Process temperature [K]","nullable":false,"type":"double"},{"name":"Rotational speed [rpm]","nullable":false,"type":"double"},{"name":"Torque [Nm]","nullable":false,"type":"double"},{"name":"Tool wear [min]","nullable":false,"type":"double"},{"name":"Target","nullable":false,"type":"double"},{"name":"Failure Type","nullable":false,"type":"other"}],"id":"auto_ai_kb_input_schema"},"type":"data_asset"}],"training_id":"35f79ee6-f35c-41c7-828b-3dc171431b5e","type":"wml-hybrid_0.1","ml_version":"4.0.19"}},"attachments":[{"id":"b24f05cf-fecf-4656-a702-2a0ace775b47","version":2,"asset_type":"wml_model","name":"P5_automl.zip","datasource_type":"193a97c1-4475-4a19-b90c-295c4fdc6517","creator_id":"IBMid-6920010MF9","create_time":1754148281214,"size":45949,"is_remote":false,"is_managed":true,"is_referenced":false,"is_object_key_read_only":false,"is_user_provided_path_key":false,"transfer_complete":true,"is_partitioned":false,"complete_time_ticks":1754148282883,"user_data":{"content_format":"pipeline-node","pipeline_node_id":"automl"},"test_doc":0,"handle":{"bucket":"predictivemaintananceindustrialma-donotdelete-pr-j2mfnqylz3wqsk","location":"eu-gb","type":"bluemix_cos","key":"3e7ecb5a-9f4b-483e-b1c4-fa3b7f3ae8c4/62aed862-3989-48df-9ca0-40cf345f8ce2/b24f05cf-fecf-4656-a702-2a0ace775b47","upload_id":"done","max_part_num":1},"usage":{"access_count":1,"last_accessor_id":"IBMid-6920010MF9","last_access_time":1754148282883,"last_updater_id":"IBMid-6920010MF9","last_update_time":1754148282883}},{"id":"70ce90ff-83c2-45ea-ba36-b33cea91a026","version":2,"asset_type":"wml_model","name":"pipeline_model.json","datasource_type":"193a97c1-4475-4a19-b90c-295c4fdc6517","creator_id":"IBMid-6920010MF9","create_time":1754148281378,"size":2220,"is_remote":false,"is_managed":true,"is_referenced":false,"is_object_key_read_only":false,"is_user_provided_path_key":false,"transfer_complete":true,"is_partitioned":false,"complete_time_ticks":1754148283023,"user_data":{"content_format":"native"},"test_doc":0,"handle":{"bucket":"predictivemaintananceindustrialma-donotdelete-pr-j2mfnqylz3wqsk","location":"eu-gb","type":"bluemix_cos","key":"3e7ecb5a-9f4b-483e-b1c4-fa3b7f3ae8c4/62aed862-3989-48df-9ca0-40cf345f8ce2/70ce90ff-83c2-45ea-ba36-b33cea91a026","upload_id":"done","max_part_num":1},"usage":{"access_count":1,"last_accessor_id":"IBMid-6920010MF9","last_access_time":1754148283023,"last_updater_id":"IBMid-6920010MF9","last_update_time":1754148283023}}]}
